第1页,m_60155f69f287cd4d,颜色:酒红色,尺码:75A,2015-09-14 22:20:03
﻿第1页,不三姑娘_,颜色:黑色,尺码:70A,2015-09-14 22:02:26
﻿第1页,公韵宁,颜色:黑色,尺码:75A,2015-09-14 19:49:31
﻿第1页,Rr.,颜色:黑色,尺码:75A,2015-09-14 18:44:05
﻿第1页,The end,颜色:酒红色,尺码:70B,2015-09-14 16:56:37
﻿第1页,会萌绘梦,颜色:黑色,尺码:70B,2015-09-14 16:12:54
﻿第1页,m123nini,颜色:酒红色,尺码:75B,2015-09-14 14:41:25
﻿第1页,我的女孩FC,颜色:酒红色,尺码:75A,2015-09-14 09:30:38
﻿第1页,.,颜色:蓝色,尺码:80B,2015-09-14 00:23:34
﻿第1页,q***0,颜色:酒红色,尺码:70A,2015-09-13 23:51:11
﻿第1页,谁也不亏欠谁,颜色:蓝色,尺码:70A,2015-09-13 23:21:56
﻿第1页,丹砂勾抹,颜色:蓝色,尺码:70A,2015-09-13 21:53:23
﻿第1页,稽春华,颜色:酒红色,尺码:85B,2015-09-13 19:41:12
﻿第1页,小冷气,颜色:黑色,尺码:70A,2015-09-13 16:05:57
﻿第2页,小冷气,颜色:黑色,尺码:70A,2015-09-13 16:04:11
﻿第2页,蒯桐欣,颜色:肤色,尺码:85B,2015-09-13 14:21:50
﻿第2页,loveU333,颜色:黑色,尺码:75A,2015-09-13 13:20:10
﻿第2页,欢子耶,颜色:黑色,尺码:75A,2015-09-13 02:43:56
﻿第2页,m_78055ccb3c06b39a,颜色:黑色,尺码:75B,2015-09-12 20:07:32
﻿第2页,m_85155af49b8c18cd,颜色:酒红色,尺码:75B,2015-09-12 18:12:56
﻿第2页,王婧1987,颜色:酒红色,尺码:80B,2015-09-12 18:00:17
﻿第2页,余露珠,颜色:蓝色,尺码:85B,2015-09-12 16:58:40
﻿第2页,Lee李小乱,颜色:黑色,尺码:70B,2015-09-12 16:46:57
﻿第2页,米美丽201771,颜色:黑色,尺码:75B,2015-09-12 16:44:30
﻿第2页,浮沉珠,颜色:酒红色,尺码:75B,2015-09-12 15:58:27
﻿第2页,q***0,颜色:蓝色,尺码:75B,2015-09-12 15:56:01
﻿第2页,清晨一杯中老年麦片,颜色:蓝色,尺码:75B,2015-09-12 15:43:53
﻿第2页,折衷,颜色:黑色,尺码:75A,2015-09-12 15:42:48
﻿第2页,肥羊0709,颜色:酒红色,尺码:70B,2015-09-12 15:14:37
﻿第3页,清晨一杯中老年麦片,颜色:蓝色,尺码:75B,2015-09-12 15:07:50
﻿第3页,媛姐风范,颜色:酒红色,尺码:70A,2015-09-12 15:01:31
﻿第3页,菇娘770,颜色:黑色,尺码:70A,2015-09-12 14:48:09
﻿第3页,依旧想你,颜色:黑色,尺码:75B,2015-09-12 14:25:11
﻿第3页,小妹子z,颜色:酒红色,尺码:80A,2015-09-12 13:55:03
﻿第3页,qzuser,颜色:蓝色,尺码:70A,2015-09-12 13:53:41
﻿第3页,我有的是梦,颜色:酒红色,尺码:75B,2015-09-12 12:41:55
﻿第3页,你就是我的世界末日,颜色:黑色,尺码:85B,2015-09-12 11:55:02
﻿第3页,∝依°°,颜色:酒红色,尺码:75A,2015-09-12 11:48:23
﻿第3页,mobile_**,颜色:蓝色,尺码:70A,2015-09-12 11:00:30
﻿第3页,m_1gwo6bvs11bp34hc,颜色:酒红色,尺码:75A,2015-09-12 10:01:06
﻿第3页,xy小君,颜色:黑色,尺码:85B,2015-09-12 08:17:36
﻿第3页,记憶随身,颜色:黑色,尺码:75B,2015-09-12 07:33:55
﻿第4页,______王明天,颜色:黑色,尺码:70A,2015-09-12 07:15:16
﻿第4页,别提离开,颜色:黑色,尺码:75B,2015-09-12 06:52:58
﻿第4页,喏唯依7777777,颜色:黑色,尺码:70A,2015-09-12 00:52:40
﻿第4页,妲虞暝嘤丹迩,颜色:蓝色,尺码:75A,2015-09-12 00:33:42
﻿第4页,牛小niu,颜色:酒红色,尺码:75A,2015-09-12 00:26:13
﻿第4页,Leehom7,颜色:蓝色,尺码:75B,2015-09-12 00:22:29
﻿第4页,雕楼绝梦,颜色:黑色,尺码:70B,2015-09-12 00:02:15
﻿第4页,lovesongming,颜色:酒红色,尺码:75B,2015-09-12 00:01:39
﻿第4页,m_44155e2f8b818515,颜色:酒红色,尺码:70B,2015-09-11 23:44:31
﻿第4页,浮沉珠,颜色:酒红色,尺码:75B,2015-09-11 23:29:46
﻿第4页,,颜色:酒红色,尺码:75B,2015-09-11 18:07:35
﻿第4页,Anly,颜色:黑色,尺码:70A,2015-09-11 17:19:58
﻿第4页,失去的无奈,颜色:黑色,尺码:70A,2015-09-11 17:11:08
﻿第5页,做自己,颜色:黑色,尺码:70A,2015-09-10 23:27:41
﻿第5页,老五建材,颜色:酒红色,尺码:70B,2015-09-10 18:54:04
﻿第5页,依儿伴你久久,颜色:蓝色,尺码:70B,2015-09-10 18:22:26
﻿第5页,LL,颜色:酒红色,尺码:70B,2015-09-10 17:04:39
﻿第5页,我是邹琴,颜色:黑色,尺码:75A,2015-09-10 15:13:14
﻿第5页,铭铭的媳妇,颜色:酒红色,尺码:75B,2015-09-10 15:05:50
﻿第5页,hgx0213,颜色:黑色,尺码:80A,2015-09-10 12:07:46
﻿第5页,一直适合我,颜色:蓝色,尺码:70A,2015-09-10 09:31:41
﻿第5页,明伊伊,颜色:黑色,尺码:70A,2015-09-10 08:16:37
﻿第5页,张静微ZJW,颜色:黑色,尺码:75B,2015-09-10 00:27:43
﻿第5页,月光光丶,颜色:蓝色,尺码:75B,2015-09-09 20:45:37
﻿第5页,零星一片秋叶归。,颜色:蓝色,尺码:85B,2015-09-09 19:45:53
﻿第5页,Heee思立,颜色:黑色,尺码:75B,2015-09-09 11:36:54
﻿第5页,欣LLLL,颜色:酒红色,尺码:70B,2015-09-09 10:36:00
﻿第5页,mkli围脖,颜色:蓝色,尺码:75B,2015-09-08 22:52:01
﻿第6页,Siworae,颜色:黑色,尺码:80B,2015-09-08 21:55:48
﻿第6页,ル フ ィ,颜色:黑色,尺码:75B,2015-09-08 19:14:47
﻿第6页,小仙女,颜色:蓝色,尺码:70A,2015-09-08 14:30:20
﻿第6页,dora╯潘垒儿,颜色:蓝色,尺码:70B,2015-09-08 11:14:43
﻿第6页,蟹老板的童话镇,颜色:蓝色,尺码:70B,2015-09-08 02:32:54
﻿第6页,雨点打透心脏的1/2处,颜色:酒红色,尺码:75B,2015-09-08 00:25:12
﻿第6页,Bamboo,颜色:酒红色,尺码:70A,2015-09-08 00:06:46
﻿第6页,♚    小灰喃,颜色:酒红色,尺码:70A,2015-09-07 23:19:47
﻿第6页,暧妳好么,颜色:蓝色,尺码:70B,2015-09-07 22:42:03
﻿第6页,winola777,颜色:黑色,尺码:80A,2015-09-07 21:40:26
﻿第6页,康康0910,颜色:酒红色,尺码:70A,2015-09-07 21:26:42
﻿第6页,原來我係魔鬼,颜色:蓝色,尺码:70A,2015-09-07 20:15:50
﻿第6页,Sunset.,颜色:黑色,尺码:75A,2015-09-07 17:10:59
﻿第6页,巴扎嘿 ⚡,颜色:酒红色,尺码:75B,2015-09-07 17:05:44
﻿第7页,我日你爸爸,颜色:酒红色,尺码:70A,2015-09-07 13:07:41
﻿第7页,潮狗yuki,颜色:酒红色,尺码:85B,2015-09-07 10:47:04
﻿第7页,夏黎羽,颜色:黑色,尺码:80B,2015-09-07 09:05:30
﻿第7页,q***2,颜色:酒红色,尺码:70B,2015-09-07 05:31:59
﻿第7页,hohoho倩,颜色:酒红色,尺码:70B,2015-09-06 23:35:21
﻿第7页,爱美的家伙额,颜色:黑色,尺码:75B,2015-09-06 23:12:20
﻿第7页,╭鱼泡泡 ◎,颜色:蓝色,尺码:75B,2015-09-06 20:14:16
﻿第7页,和你相遇那个夏天、最美,颜色:酒红色,尺码:70A,2015-09-06 20:04:16
﻿第7页,你的爱只有我拥有°,颜色:蓝色,尺码:70B,2015-09-06 18:33:22
﻿第7页,qzuser,颜色:酒红色,尺码:75A,2015-09-06 16:53:21
﻿第7页,原來我係魔鬼,颜色:蓝色,尺码:70A,2015-09-06 15:41:57
﻿第7页,q***b,颜色:酒红色,尺码:80A,2015-09-06 14:16:52
﻿第7页,Victoria颖儿,颜色:蓝色,尺码:75B,2015-09-06 13:04:43
﻿第8页,董等等等,颜色:黑色,尺码:75B,2015-09-06 10:24:39
﻿第8页,m_43755db05234f2ed,颜色:酒红色,尺码:70A,2015-09-06 09:38:28
﻿第8页,树深时见漉,颜色:肤色,尺码:70B,2015-09-06 08:54:42
﻿第8页,敏789m,颜色:蓝色,尺码:70A,2015-09-06 00:05:23
﻿第8页,拉个香飘飘,颜色:黑色,尺码:70A,2015-09-05 20:35:21
﻿第8页,金钱打造势力狗00,颜色:酒红色,尺码:70B,2015-09-05 16:38:41
﻿第8页,等几年yi,颜色:黑色,尺码:70B,2015-09-05 12:54:43
﻿第8页,没心没肺的耳朵,颜色:酒红色,尺码:75B,2015-09-05 11:18:55
﻿第8页,疯果儿,颜色:蓝色,尺码:75B,2015-09-04 23:12:43
﻿第8页,扑球黑泽,颜色:黑色,尺码:80B,2015-09-04 20:04:10
﻿第8页,w***b,颜色:黑色,尺码:75A,2015-09-04 19:38:32
﻿第8页,西瓜程,颜色:黑色,尺码:75B,2015-09-04 18:11:40
﻿第8页,欢悦丶,颜色:黑色,尺码:70B,2015-09-04 17:53:49
﻿第8页,w***b,颜色:酒红色,尺码:80A,2015-09-04 17:03:08
﻿第9页,constantaly,颜色:酒红色,尺码:80B,2015-09-04 16:53:05
﻿第9页,花花菇凉美美哒,颜色:蓝色,尺码:75A,2015-09-04 16:25:59
﻿第9页,xin3235,颜色:肤色,尺码:75B,2015-09-04 16:00:50
﻿第9页,w***c,颜色:酒红色,尺码:80A,2015-09-04 15:48:58
﻿第9页,MINGCUIMINGCUI,颜色:黑色,尺码:80A,2015-09-04 14:39:19
﻿第9页,桌思珈,颜色:黑色,尺码:75B,2015-09-04 14:22:33
﻿第9页,有Money才叫爷,颜色:酒红色,尺码:80B,2015-09-04 12:51:25
﻿第9页,迷糊zy,颜色:酒红色,尺码:75B,2015-09-04 12:33:57
﻿第9页,美衣Danube,颜色:黑色,尺码:70A,2015-09-04 11:02:25
﻿第9页,ヤ萌ゞ,颜色:酒红色,尺码:85B,2015-09-04 10:49:41
﻿第9页,丽丽的吉丽,颜色:蓝色,尺码:70A,2015-09-04 09:48:41
﻿第9页,ex二小106,颜色:黑色,尺码:80A,2015-09-04 09:05:30
﻿第9页,方方方方方二小姐,颜色:蓝色,尺码:75B,2015-09-04 00:04:01
﻿第9页,LiuShiqi。,颜色:黑色,尺码:75B,2015-09-03 23:35:04
﻿第10页,陳仔哟,颜色:酒红色,尺码:70A,2015-09-03 22:53:16
﻿第10页,m_30755daf301d38eb,颜色:黑色,尺码:70B,2015-09-03 21:43:52
﻿第10页,程丹娅,颜色:酒红色,尺码:80B,2015-09-03 21:24:55
﻿第10页,w***8,颜色:酒红色,尺码:80A,2015-09-03 21:17:39
﻿第10页,一路有你zzh,颜色:酒红色,尺码:75B,2015-09-03 20:46:54
﻿第10页,旋子110,颜色:酒红色,尺码:70A,2015-09-03 20:29:33
﻿第10页,去旅行的芒果,颜色:黑色,尺码:70A,2015-09-03 19:03:35
﻿第10页,vivian_gcx719,颜色:酒红色,尺码:75A,2015-09-03 18:30:23
﻿第10页,w***d,颜色:酒红色,尺码:75A,2015-09-03 18:19:41
﻿第10页,w***1,颜色:黑色,尺码:80A,2015-09-03 18:03:17
﻿第10页,我会送你红色玫瑰an,颜色:黑色,尺码:70A,2015-09-03 17:57:04
﻿第11页,、敷衍,颜色:酒红色,尺码:70A,2015-09-03 17:40:39
﻿第11页,William快去铲屎,颜色:黑色,尺码:70B,2015-09-03 16:00:30
﻿第11页,点点Bionne,颜色:黑色,尺码:80A,2015-09-03 14:25:48
﻿第11页,向北张三,颜色:黑色,尺码:85B,2015-09-03 13:58:09
﻿第11页,q***9,颜色:酒红色,尺码:80A,2015-09-03 12:59:41
﻿第11页,二b生活二b人,颜色:酒红色,尺码:70A,2015-09-03 11:44:02
﻿第11页,啊洪耶,颜色:蓝色,尺码:75B,2015-09-03 11:05:40
﻿第11页,qzuser,颜色:黑色,尺码:75A,2015-09-03 10:51:13
﻿第11页,xm_3805502bbf1a8e69,颜色:酒红色,尺码:85B,2015-09-03 02:54:27
﻿第11页,澜本嫁衣,颜色:黑色,尺码:80B,2015-09-03 02:51:46
﻿第11页,你惯得i️,颜色:黑色,尺码:75A,2015-09-03 00:48:53
﻿第11页,孤依凡,颜色:酒红色,尺码:75B,2015-09-03 00:40:25
﻿第11页,屁哒,颜色:肤色,尺码:80B,2015-09-03 00:00:55
﻿第12页,骚man,颜色:黑色,尺码:70A,2015-09-02 23:59:22
﻿第12页,小镇姑凉丶,颜色:蓝色,尺码:75A,2015-09-02 23:54:24
﻿第12页,q***6,颜色:黑色,尺码:70A,2015-09-02 23:46:09
﻿第12页,筱筱婕婕,颜色:肤色,尺码:80B,2015-09-02 21:53:31
﻿第12页,mobile_**,颜色:酒红色,尺码:85B,2015-09-02 21:26:54
﻿第12页,Cherish大凡凡xi,颜色:黑色,尺码:80A,2015-09-02 21:07:03
﻿第12页,可可巴比逗,颜色:蓝色,尺码:75A,2015-09-02 19:49:59
﻿第12页,慕慕慕慕慕太太,颜色:蓝色,尺码:75A,2015-09-02 19:39:59
﻿第12页,帥到菊花保不住,颜色:黑色,尺码:75B,2015-09-02 19:35:35
﻿第12页,w***c,颜色:蓝色,尺码:75B,2015-09-02 19:32:44
﻿第12页,kai21855,颜色:酒红色,尺码:85A,2015-09-02 18:13:25
﻿第12页,Eva071300,颜色:酒红色,尺码:75B,2015-09-02 16:30:19
﻿第12页,娟子1314520aa,颜色:酒红色,尺码:75A,2015-09-02 16:29:38
﻿第13页,m_55155aa5d5e26f0e,颜色:酒红色,尺码:75B,2015-09-02 15:58:16
﻿第13页,MiRa813,颜色:黑色,尺码:80B,2015-09-02 15:29:21
﻿第13页,m_92755de9b4f10437,颜色:酒红色,尺码:75B,2015-09-02 14:50:30
﻿第13页,王贝贝baby,颜色:酒红色,尺码:75B,2015-09-02 13:38:48
﻿第13页,菲菲,颜色:酒红色,尺码:80B,2015-09-02 11:10:02
﻿第13页,依然美好ing,颜色:酒红色,尺码:70A,2015-09-02 10:57:54
﻿第13页,w***8,颜色:酒红色,尺码:75B,2015-09-02 10:30:29
﻿第13页,哎呀萌萌哒的小胖妞,颜色:黑色,尺码:75B,2015-09-02 07:33:06
﻿第13页,qzuser,颜色:蓝色,尺码:75B,2015-09-02 02:08:19
﻿第13页,m_30155dc1384f246a,颜色:黑色,尺码:70A,2015-09-01 23:28:23
﻿第13页,孔菇凉么么哒,颜色:蓝色,尺码:80B,2015-09-01 22:02:29
﻿第13页,夏枯草,颜色:蓝色,尺码:70B,2015-09-01 21:30:03
﻿第13页,你很好只是无缘到老,颜色:肤色,尺码:75B,2015-09-01 21:11:46
﻿第13页,小洋妹,颜色:肤色,尺码:70B,2015-09-01 20:52:48
﻿第13页,xwt1282959413,颜色:黑色,尺码:75A,2015-09-01 19:59:55
﻿第14页,独白　　Koreyoshi,颜色:黑色,尺码:70A,2015-09-01 19:49:05
﻿第14页,怎样都好你说呢,颜色:黑色,尺码:80A,2015-09-01 18:28:54
﻿第14页,微52076,颜色:酒红色,尺码:75B,2015-09-01 17:59:03
﻿第14页,xm_359556165cd9d878,颜色:酒红色,尺码:75B,2015-09-01 16:47:23
﻿第14页,痴婆子YY,颜色:黑色,尺码:70A,2015-09-01 16:23:43
﻿第14页,纪小浅9,颜色:酒红色,尺码:75A,2015-09-01 16:16:42
﻿第14页,w***4,颜色:酒红色,尺码:75A,2015-09-01 15:54:17
﻿第14页,亲爱的路人11,颜色:黑色,尺码:70B,2015-09-01 15:33:56
﻿第14页,梦见你12,颜色:酒红色,尺码:70A,2015-09-01 15:20:14
﻿第14页,花开半夏,颜色:酒红色,尺码:80B,2015-09-01 13:13:17
﻿第14页,小晓大晓,颜色:蓝色,尺码:70B,2015-09-01 12:52:39
﻿第14页,沉睡的笑容,颜色:酒红色,尺码:75A,2015-09-01 11:37:51
﻿第14页,娇滴滴的小女人,颜色:酒红色,尺码:75A,2015-09-01 11:27:35
﻿第14页,q***d,颜色:黑色,尺码:70A,2015-09-01 10:20:37
﻿第14页,Baby,颜色:黑色,尺码:75B,2015-09-01 10:14:25
﻿第15页,取不了啊名字,颜色:酒红色,尺码:75B,2015-09-01 09:43:28
﻿第15页,嗨出你妈氾,颜色:酒红色,尺码:85B,2015-09-01 06:41:09
﻿第15页,chengnannan,颜色:蓝色,尺码:75B,2015-09-01 06:40:42
﻿第15页,没你任命 ๑,颜色:黑色,尺码:85B,2015-09-01 06:25:06
﻿第15页,夜空中最亮的星,颜色:黑色,尺码:75A,2015-09-01 04:39:47
﻿第15页,噢9672,颜色:黑色,尺码:75B,2015-09-01 01:09:00
﻿第15页,贺春芳,颜色:黑色,尺码:75B,2015-08-31 23:46:30
﻿第15页,屈文浩2,颜色:蓝色,尺码:75A,2015-08-31 23:08:43
﻿第15页,小小慧,颜色:黑色,尺码:80B,2015-08-31 22:52:44
﻿第15页,mobile_**,颜色:蓝色,尺码:75A,2015-08-31 22:48:58
﻿第15页,小壮呆,颜色:酒红色,尺码:85A,2015-08-31 22:34:19
﻿第15页,敏789m,颜色:蓝色,尺码:70A,2015-08-31 22:30:16
﻿第15页,邢蛋蛋s,颜色:酒红色,尺码:85B,2015-08-31 22:08:03
﻿第15页,木槿子ni,颜色:酒红色,尺码:75A,2015-08-31 21:47:17
﻿第16页,木槿子ni,颜色:蓝色,尺码:75A,2015-08-31 21:46:58
﻿第16页,黄韻霖,颜色:酒红色,尺码:80B,2015-08-31 20:28:21
﻿第16页,q***b,颜色:酒红色,尺码:75A,2015-08-31 20:16:20
﻿第16页,校花1314,颜色:酒红色,尺码:70A,2015-08-31 20:15:45
﻿第16页,Z丶HC_泡沫丶,颜色:酒红色,尺码:80B,2015-08-31 19:23:26
﻿第16页,Nice的真真,颜色:酒红色,尺码:75B,2015-08-31 19:01:32
﻿第16页,【尸王玄魁】,颜色:黑色,尺码:75A,2015-08-31 18:42:19
﻿第16页,程丹娅,颜色:黑色,尺码:75B,2015-08-31 18:41:20
﻿第16页,恋爱等于白痴,颜色:酒红色,尺码:85B,2015-08-31 18:11:50
﻿第16页,等续梦,颜色:蓝色,尺码:70B,2015-08-31 16:59:51
﻿第16页,mobile_**,颜色:酒红色,尺码:70A,2015-08-31 16:17:45
﻿第16页,洋洋洋199710,颜色:酒红色,尺码:70A,2015-08-31 15:48:23
﻿第16页,iu我的女神,颜色:蓝色,尺码:70B,2015-08-31 15:43:40
﻿第16页,宫Gr,颜色:酒红色,尺码:75B,2015-08-31 15:40:23
﻿第17页,宫Gr,颜色:酒红色,尺码:70B,2015-08-31 15:38:16
﻿第17页,q***9,颜色:酒红色,尺码:75A,2015-08-31 15:21:33
﻿第17页,w***4,颜色:肤色,尺码:75A,2015-08-31 15:15:20
﻿第17页,m_952558fe0ab8b8a3,颜色:酒红色,尺码:70B,2015-08-31 14:45:13
﻿第17页,热爱,颜色:蓝色,尺码:80B,2015-08-31 14:33:16
﻿第17页,RLiLiiiiii,颜色:蓝色,尺码:80B,2015-08-31 14:17:50
﻿第17页,先生，◇ヾ给我一个誓言,颜色:酒红色,尺码:75B,2015-08-31 13:40:44
﻿第17页,鹿饮溪于空林,颜色:酒红色,尺码:85B,2015-08-31 12:19:33
﻿第17页,猪蹄蹄_,颜色:酒红色,尺码:80B,2015-08-31 11:50:12
﻿第17页,х瘋孒.﹏,颜色:酒红色,尺码:75A,2015-08-31 10:56:06
﻿第17页,small。C先生,颜色:蓝色,尺码:80A,2015-08-31 10:46:42
﻿第17页,°N,颜色:黑色,尺码:75A,2015-08-31 10:36:35
﻿第17页,骚年小雨雨,颜色:黑色,尺码:75B,2015-08-31 09:35:51
﻿第17页,拥狂风沉静海,颜色:蓝色,尺码:75B,2015-08-31 08:52:47
﻿第17页,我是邵丹啊,颜色:蓝色,尺码:75B,2015-08-31 07:17:21
﻿第18页,凉柚,颜色:蓝色,尺码:70B,2015-08-31 03:05:41
﻿第18页,hgx0213,颜色:黑色,尺码:75A,2015-08-31 02:13:45
﻿第18页,w***1,颜色:黑色,尺码:85B,2015-08-31 00:39:31
﻿第18页,Fx5frs,颜色:酒红色,尺码:85B,2015-08-31 00:19:25
﻿第18页,阿酒和唐燏小宝,颜色:肤色,尺码:75B,2015-08-30 23:54:19
﻿第18页,゛    神奇。,颜色:黑色,尺码:80B,2015-08-30 23:47:38
﻿第18页,下雨啦拉拉,颜色:黑色,尺码:80B,2015-08-30 23:00:10
﻿第18页,q***7,颜色:黑色,尺码:80B,2015-08-30 22:56:09
﻿第18页,冒泡啦咕噜,颜色:黑色,尺码:75B,2015-08-30 22:55:09
﻿第18页,ning我姓甯,颜色:黑色,尺码:75B,2015-08-30 19:56:55
﻿第18页,朵幂冷光美白仪,颜色:黑色,尺码:80A,2015-08-30 19:35:23
﻿第18页,MinHyuk慧,颜色:酒红色,尺码:75B,2015-08-30 19:17:27
﻿第18页,w***a,颜色:酒红色,尺码:80A,2015-08-30 18:38:40
﻿第18页,玉祥阁文玩店,颜色:酒红色,尺码:75B,2015-08-30 18:16:05
﻿第18页,马尾YoungGirl,颜色:黑色,尺码:80B,2015-08-30 17:22:10
﻿第19页,范志宏宝贝,颜色:酒红色,尺码:70B,2015-08-30 16:43:38
﻿第19页,呆到久时自然萌I,颜色:肤色,尺码:70A,2015-08-30 14:05:44
﻿第19页,花雨末,颜色:黑色,尺码:85B,2015-08-30 11:59:35
﻿第19页,李雪山,颜色:酒红色,尺码:80A,2015-08-30 11:55:23
﻿第19页,奔儿,颜色:黑色,尺码:70B,2015-08-30 11:26:58
﻿第19页,婷庭張277,颜色:酒红色,尺码:75B,2015-08-30 11:15:00
﻿第19页,m_25055d65ca17920c,颜色:黑色,尺码:80B,2015-08-30 10:26:03
﻿第19页,virgo999,颜色:肤色,尺码:75B,2015-08-30 09:56:42
﻿第19页,温唇、情绪控,颜色:酒红色,尺码:75B,2015-08-30 09:27:49
﻿第19页,贝比宁宁,颜色:黑色,尺码:80A,2015-08-30 09:09:38
﻿第19页,林林wantattention,颜色:酒红色,尺码:75B,2015-08-29 20:29:08
﻿第19页,維他命a,颜色:酒红色,尺码:70B,2015-08-29 20:09:42
﻿第19页,蘑小沐,颜色:酒红色,尺码:75A,2015-08-29 18:42:23
﻿第19页,你你你你杨先生,颜色:黑色,尺码:75A,2015-08-29 17:28:07
﻿第20页,p美丽不是罪,颜色:酒红色,尺码:75B,2015-08-29 14:42:03
﻿第20页,燕子aa123456,颜色:黑色,尺码:70A,2015-08-29 14:27:53
﻿第20页,q***f,颜色:蓝色,尺码:70A,2015-08-29 14:11:33
﻿第20页,m_57559b46da7bc8b,颜色:黑色,尺码:85B,2015-08-29 13:32:54
﻿第20页,小雪子和牛牛,颜色:酒红色,尺码:75A,2015-08-29 12:49:43
﻿第20页,∞放下成熟、小女人,颜色:黑色,尺码:75B,2015-08-29 11:45:36
﻿第20页,十扑十扑me,颜色:酒红色,尺码:80B,2015-08-29 11:18:51
﻿第20页,m_1cb727pi11bbgcto,颜色:黑色,尺码:80B,2015-08-29 08:50:04
﻿第20页,cxrrghb,颜色:黑色,尺码:70A,2015-08-29 00:51:05
﻿第20页,w***2,颜色:肤色,尺码:85B,2015-08-28 22:59:17
﻿第21页,qzuser,颜色:酒红色,尺码:75B,2015-08-28 22:50:22
﻿第21页,kate李脸大挡桃花,颜色:酒红色,尺码:75B,2015-08-28 22:37:31
﻿第21页,coastlineAbel,颜色:酒红色,尺码:80B,2015-08-28 21:43:28
﻿第21页,xzkg323115,颜色:黑色,尺码:75B,2015-08-28 21:28:12
﻿第21页,不明觉厉新,颜色:黑色,尺码:75A,2015-08-28 20:24:45
﻿第21页,黛乐儿0218,颜色:酒红色,尺码:75B,2015-08-28 19:53:57
﻿第21页,酒久99999,颜色:黑色,尺码:80A,2015-08-28 19:25:06
﻿第21页,阿西吧abc,颜色:酒红色,尺码:70A,2015-08-28 19:10:52
﻿第21页,大晴子,颜色:酒红色,尺码:75B,2015-08-28 19:09:47
﻿第21页,kissrun,颜色:肤色,尺码:70A,2015-08-28 18:42:34
﻿第21页,qzuser,颜色:黑色,尺码:70A,2015-08-28 18:13:02
﻿第21页,立夏青,颜色:蓝色,尺码:75A,2015-08-28 17:52:18
﻿第21页,好哦那鲁磨路,颜色:酒红色,尺码:75A,2015-08-28 16:33:02
﻿第21页,竹马65,颜色:蓝色,尺码:70B,2015-08-28 15:21:39
﻿第22页,刘璇liu,颜色:蓝色,尺码:80B,2015-08-28 14:51:29
﻿第22页,李小嫩啊,颜色:酒红色,尺码:75A,2015-08-28 14:27:54
﻿第22页,-if,颜色:肤色,尺码:70A,2015-08-28 13:46:42
﻿第22页,lris,颜色:黑色,尺码:70B,2015-08-28 13:38:39
﻿第22页,Lethe。,颜色:黑色,尺码:70A,2015-08-28 11:59:34
﻿第22页,北鼻ccc,颜色:黑色,尺码:70B,2015-08-28 11:26:29
﻿第22页,肉圆子是丸子,颜色:酒红色,尺码:75B,2015-08-28 09:02:35
﻿第22页,fu伏景,颜色:酒红色,尺码:70A,2015-08-28 03:44:28
﻿第22页,啦啦啦啦啦吼吼吼,颜色:黑色,尺码:70B,2015-08-28 02:26:59
﻿第22页,人潮拥挤我遇到了你☀,颜色:酒红色,尺码:70B,2015-08-28 02:06:42
﻿第22页,THE  FIRE,颜色:酒红色,尺码:75B,2015-08-28 00:58:20
﻿第22页,哆啦A夢夢,颜色:黑色,尺码:75B,2015-08-28 00:44:07
﻿第22页,明天会美,颜色:黑色,尺码:75B,2015-08-28 00:25:55
﻿第22页,男锅姐,颜色:黑色,尺码:75A,2015-08-27 23:19:35
﻿第22页,w***7,颜色:酒红色,尺码:70B,2015-08-27 23:08:52
﻿第23页,w***d,颜色:黑色,尺码:80A,2015-08-27 22:51:57
﻿第23页,自信517788,颜色:酒红色,尺码:70A,2015-08-27 22:40:19
﻿第23页,仙人掌,颜色:酒红色,尺码:75B,2015-08-27 21:50:06
﻿第23页,圆圆正在修炼逗比,颜色:酒红色,尺码:85A,2015-08-27 21:18:36
﻿第23页,q***4,颜色:酒红色,尺码:70A,2015-08-27 21:02:43
﻿第23页,kissrun,颜色:肤色,尺码:70B,2015-08-27 20:53:54
﻿第23页,zqyyac,颜色:肤色,尺码:75B,2015-08-27 20:46:54
﻿第23页,Af娟子,颜色:黑色,尺码:75A,2015-08-27 18:09:36
﻿第23页,紫杉的衣橱,颜色:酒红色,尺码:75B,2015-08-27 16:38:52
﻿第23页,楠楠画面,颜色:黑色,尺码:75B,2015-08-27 16:32:24
﻿第23页,大美妞的家,颜色:蓝色,尺码:75B,2015-08-27 15:55:03
﻿第23页,w***5,颜色:黑色,尺码:70B,2015-08-27 15:16:20
﻿第23页,w***9,颜色:酒红色,尺码:75B,2015-08-27 14:33:25
﻿第23页,♔吴皇，入心i,颜色:蓝色,尺码:75B,2015-08-27 13:02:24
﻿第24页,Amen梅格妮,颜色:黑色,尺码:85B,2015-08-27 13:00:36
﻿第24页,静待花开又花落,颜色:酒红色,尺码:70B,2015-08-27 11:55:35
﻿第24页,Indestructible-L,颜色:黑色,尺码:75A,2015-08-26 22:53:38
﻿第24页,开一半的花1,颜色:酒红色,尺码:75B,2015-08-26 22:41:11
﻿第24页,迷你奥利奥YY,颜色:蓝色,尺码:75B,2015-08-26 22:17:01
﻿第24页,此情℡以为你停留,颜色:黑色,尺码:85B,2015-08-26 21:17:24
﻿第24页,你的心素谁,颜色:酒红色,尺码:70A,2015-08-26 20:05:15
﻿第24页,杨李凯薇,颜色:酒红色,尺码:80A,2015-08-26 19:18:08
﻿第24页,听说时光不会老11,颜色:蓝色,尺码:70A,2015-08-26 19:02:32
﻿第24页,w***3,颜色:酒红色,尺码:70B,2015-08-26 18:30:11
﻿第24页,Englishkxy,颜色:黑色,尺码:85B,2015-08-26 17:58:15
﻿第24页,塔子1113,颜色:黑色,尺码:70A,2015-08-26 17:00:57
﻿第24页,爱买的疯子妮妮,颜色:酒红色,尺码:75B,2015-08-26 16:15:14
﻿第25页,染心ry,颜色:酒红色,尺码:70B,2015-08-26 15:58:30
﻿第25页,Qvsbwjwbsnana,颜色:肤色,尺码:75B,2015-08-26 14:58:56
﻿第25页,q***8,颜色:酒红色,尺码:80A,2015-08-26 14:18:52
﻿第25页,Ｖ１、,颜色:酒红色,尺码:75B,2015-08-26 14:04:36
﻿第25页,丹丹0916,颜色:蓝色,尺码:75B,2015-08-26 13:42:17
﻿第25页,Sunshine红豆,颜色:肤色,尺码:75B,2015-08-26 12:48:48
﻿第25页,弭笙点点,颜色:肤色,尺码:70A,2015-08-26 11:54:38
﻿第25页,mobile_**,颜色:酒红色,尺码:75A,2015-08-26 09:55:06
﻿第25页,mobile_**,颜色:酒红色,尺码:75A,2015-08-26 09:51:40
﻿第25页,每个人都有不一样的梦,颜色:黑色,尺码:75B,2015-08-26 09:39:48
﻿第25页,蹲得累～,颜色:黑色,尺码:85B,2015-08-26 00:29:01
﻿第25页,济5222,颜色:酒红色,尺码:85B,2015-08-25 23:11:50
﻿第25页,你是信仰ii,颜色:黑色,尺码:70A,2015-08-25 22:55:19
﻿第25页,谢花花大人,颜色:黑色,尺码:70A,2015-08-25 22:13:18
﻿第25页,黄月漂,颜色:酒红色,尺码:75A,2015-08-25 21:54:38
﻿第26页,YOYO,颜色:黑色,尺码:75B,2015-08-25 20:57:12
﻿第26页,惠1996718,颜色:蓝色,尺码:75A,2015-08-25 20:52:57
﻿第26页,范er的宗小珊mmmmm,颜色:黑色,尺码:75B,2015-08-25 20:46:53
﻿第26页,葛明男,颜色:蓝色,尺码:75A,2015-08-25 20:28:29
﻿第26页,徐夫子,颜色:黑色,尺码:75A,2015-08-25 19:11:59
﻿第26页,q***4,颜色:黑色,尺码:80A,2015-08-25 17:24:43
﻿第26页,热言热语冷爱情,颜色:酒红色,尺码:70B,2015-08-25 17:17:37
﻿第26页,q***5,颜色:酒红色,尺码:85B,2015-08-25 14:46:04
﻿第26页,我姓黄31,颜色:蓝色,尺码:70A,2015-08-25 13:18:40
﻿第26页,Ly123丑女,颜色:酒红色,尺码:80B,2015-08-25 12:42:46
﻿第26页,吕新伟,颜色:酒红色,尺码:85B,2015-08-25 11:54:49
﻿第26页,宋亚辰,颜色:酒红色,尺码:80A,2015-08-25 11:19:53
﻿第26页,街角，淡蓝色的你,颜色:酒红色,尺码:75A,2015-08-25 06:17:12
﻿第26页,q***a,颜色:蓝色,尺码:75B,2015-08-25 02:12:07
﻿第27页,m_19455d2067313c94,颜色:黑色,尺码:70B,2015-08-25 01:47:35
﻿第27页,Z他他他和她,颜色:酒红色,尺码:75A,2015-08-24 21:27:12
﻿第27页,尼诺北北,颜色:酒红色,尺码:70B,2015-08-24 19:39:16
﻿第27页,不知道,颜色:酒红色,尺码:80A,2015-08-24 18:30:09
﻿第27页,我是小绵羊羊羊羊,颜色:黑色,尺码:75B,2015-08-24 18:14:36
﻿第27页,阿莫奈,颜色:酒红色,尺码:85B,2015-08-24 17:04:26
﻿第27页,hcrwannn,颜色:酒红色,尺码:70A,2015-08-24 16:36:12
﻿第27页,l740386004,颜色:酒红色,尺码:75B,2015-08-24 15:51:30
﻿第27页,coastlineAbel,颜色:酒红色,尺码:70A,2015-08-24 13:39:41
﻿第27页,嘟嘟嘟嘟12234,颜色:黑色,尺码:75B,2015-08-24 13:25:36
﻿第27页,方倩qianqianqian,颜色:酒红色,尺码:75A,2015-08-24 13:03:43
﻿第27页,因为我是395啊,颜色:黑色,尺码:75A,2015-08-24 08:39:24
﻿第27页,作茧自缚缚缚缚,颜色:肤色,尺码:80B,2015-08-24 08:22:13
﻿第27页,♚  萱爷＆GD,颜色:黑色,尺码:70A,2015-08-24 02:00:49
﻿第28页,♚  萱爷＆GD,颜色:黑色,尺码:70A,2015-08-24 01:55:03
﻿第28页,q***8,颜色:酒红色,尺码:70A,2015-08-23 22:20:16
﻿第28页,q***a,颜色:酒红色,尺码:70A,2015-08-23 22:16:07
﻿第28页,LIEZEUJIEN,颜色:黑色,尺码:80A,2015-08-23 22:10:58
﻿第28页,w1818188,颜色:黑色,尺码:70A,2015-08-23 21:45:10
﻿第28页,大薇酱,颜色:酒红色,尺码:70A,2015-08-23 18:24:02
﻿第28页,心尖艾人,颜色:黑色,尺码:75A,2015-08-23 16:30:10
﻿第28页,w***a,颜色:黑色,尺码:75B,2015-08-23 16:04:58
﻿第28页,妖妖妖妖妖月,颜色:酒红色,尺码:70A,2015-08-23 16:02:21
﻿第28页,m_81155d9388abffa7,颜色:黑色,尺码:80B,2015-08-23 15:22:35
﻿第28页,好好好你说的都对,颜色:酒红色,尺码:80B,2015-08-23 14:50:58
﻿第28页,Echostar,颜色:蓝色,尺码:75A,2015-08-23 14:47:23
﻿第28页,日升月沉,颜色:酒红色,尺码:70A,2015-08-23 10:23:53
﻿第28页,你在我心尖,颜色:黑色,尺码:75A,2015-08-23 09:52:22
﻿第29页,陌子言bb,颜色:蓝色,尺码:75B,2015-08-23 09:31:19
﻿第29页,美雨儿_2009,颜色:黑色,尺码:70A,2015-08-22 22:48:27
﻿第29页,黑与白呈灰,颜色:肤色,尺码:75B,2015-08-22 22:24:43
﻿第29页,﹏用心去爱你,颜色:酒红色,尺码:75B,2015-08-22 21:40:35
﻿第29页,小花朵104,颜色:黑色,尺码:75A,2015-08-22 21:20:23
﻿第29页,甜蜜独立,颜色:酒红色,尺码:80B,2015-08-22 21:09:05
﻿第29页,多乐蓉,颜色:黑色,尺码:85A,2015-08-22 20:17:31
﻿第29页,love顺子味道,颜色:酒红色,尺码:80B,2015-08-22 19:24:29
﻿第29页,温柔aaaa,颜色:酒红色,尺码:70A,2015-08-22 19:16:39
﻿第29页,w***a,颜色:蓝色,尺码:80B,2015-08-22 19:06:51
﻿第29页,畅妹么么哒,颜色:酒红色,尺码:85B,2015-08-22 17:36:32
﻿第29页,M慕一一,颜色:酒红色,尺码:70A,2015-08-22 16:49:07
﻿第29页,LLLLIL,颜色:酒红色,尺码:85B,2015-08-22 15:00:28
﻿第29页,迷路的小羊,颜色:酒红色,尺码:80B,2015-08-22 14:37:30
﻿第29页,w***9,颜色:酒红色,尺码:70A,2015-08-22 14:17:07
﻿第30页,果旋儿,颜色:黑色,尺码:75A,2015-08-22 13:55:08
﻿第30页,chen2惠,颜色:黑色,尺码:70B,2015-08-22 12:15:59
﻿第30页,咿呀咿呀菜,颜色:酒红色,尺码:70B,2015-08-22 04:41:17
﻿第30页,媛仔仔,颜色:蓝色,尺码:75A,2015-08-22 02:06:50
﻿第30页,性本善               //*,颜色:酒红色,尺码:75B,2015-08-22 01:19:43
﻿第30页,Chung-ying yu,颜色:黑色,尺码:75A,2015-08-22 01:12:20
﻿第30页,我877042348,颜色:酒红色,尺码:75B,2015-08-21 23:20:44
﻿第30页,多啦丶没有A梦,颜色:黑色,尺码:75B,2015-08-21 22:16:09
﻿第30页,倔强的玫瑰花,颜色:黑色,尺码:70A,2015-08-21 22:03:25
﻿第30页,李小丢丢丢,颜色:蓝色,尺码:70B,2015-08-21 21:35:06
﻿第30页,m_94155d7246847b60,颜色:酒红色,尺码:70B,2015-08-21 21:29:58
﻿第30页,邮差098,颜色:蓝色,尺码:80B,2015-08-21 19:39:23
﻿第30页,Eternity_7,颜色:酒红色,尺码:75A,2015-08-21 16:17:26
﻿第30页,♡         陌若安生,颜色:黑色,尺码:70A,2015-08-21 16:13:45
﻿第30页,丶大玲子,颜色:黑色,尺码:75B,2015-08-21 15:51:06
﻿第31页,金先生的胖仔,颜色:肤色,尺码:85B,2015-08-21 14:05:38
﻿第31页,久了吧旧了吧,颜色:黑色,尺码:70A,2015-08-21 12:55:42
﻿第31页,m_53955d6833ac7d9c,颜色:酒红色,尺码:85B,2015-08-21 10:05:31
﻿第31页,EEEyouaremylove,颜色:肤色,尺码:75B,2015-08-21 07:22:50
﻿第31页,三群合肥天后汪卓,颜色:酒红色,尺码:80B,2015-08-20 23:11:10
﻿第31页,王林全,颜色:黑色,尺码:80B,2015-08-20 23:07:41
﻿第31页,EAEAEA_,颜色:黑色,尺码:70A,2015-08-20 17:08:14
﻿第31页,抹不去你背影,颜色:蓝色,尺码:75A,2015-08-20 16:30:11
﻿第31页,change恩,颜色:黑色,尺码:70B,2015-08-20 16:20:31
﻿第31页,不忘深情,颜色:蓝色,尺码:70A,2015-08-20 16:04:18
﻿第31页,w***8,颜色:酒红色,尺码:70A,2015-08-20 15:09:26
﻿第31页,吧嗒叭哒哵呾嘣,颜色:黑色,尺码:85B,2015-08-20 12:48:03
﻿第31页,w***b,颜色:酒红色,尺码:75B,2015-08-20 07:31:37
﻿第31页,dhdhdujdbxbbb,颜色:黑色,尺码:80B,2015-08-20 07:01:48
﻿第31页,m_6355cf2195144ce,颜色:酒红色,尺码:85B,2015-08-20 02:01:29
﻿第32页,m_69755bec865799fa,颜色:酒红色,尺码:75B,2015-08-20 01:02:54
﻿第32页,m_1dv0xna411bmoeui,颜色:黑色,尺码:70A,2015-08-20 00:16:56
﻿第32页,哆啦c夢,颜色:黑色,尺码:80B,2015-08-19 22:57:55
﻿第32页,wyxwxyxwyxywywxyxw,颜色:黑色,尺码:70A,2015-08-19 21:10:16
﻿第32页,豆宝,颜色:黑色,尺码:70A,2015-08-19 19:41:39
﻿第32页,十三月Alice,颜色:酒红色,尺码:85B,2015-08-19 18:20:42
﻿第32页,汉堡妈咪呀,颜色:黑色,尺码:75A,2015-08-19 15:44:25
﻿第32页,yzx8626,颜色:酒红色,尺码:75A,2015-08-19 14:28:29
﻿第32页,沦陷y沦陷,颜色:肤色,尺码:75A,2015-08-19 13:46:32
﻿第32页,花落莫缃随,颜色:蓝色,尺码:70B,2015-08-19 10:34:09
﻿第32页,mj8809,颜色:酒红色,尺码:75B,2015-08-18 23:14:56
﻿第32页,啪啪,颜色:酒红色,尺码:85B,2015-08-18 23:08:14
﻿第32页,现代小师妹,颜色:酒红色,尺码:80B,2015-08-18 21:43:48
﻿第32页,迪小陌,颜色:黑色,尺码:75A,2015-08-18 20:43:56
﻿第32页,弥敏丽,颜色:黑色,尺码:70A,2015-08-18 19:53:45
﻿第33页,苹果桃子李子,颜色:黑色,尺码:80B,2015-08-18 18:59:23
﻿第33页,ZYING-MO,颜色:黑色,尺码:75B,2015-08-18 18:58:03
﻿第33页,张小树,颜色:酒红色,尺码:70B,2015-08-18 18:40:07
﻿第33页,2.16,颜色:酒红色,尺码:75B,2015-08-18 17:29:30
﻿第33页,WATLYYG,颜色:酒红色,尺码:75A,2015-08-18 15:16:49
﻿第33页,/ 恋 / 瞳,颜色:黑色,尺码:70A,2015-08-18 14:54:04
﻿第33页,m_1gp89iv611bmivhs,颜色:酒红色,尺码:70A,2015-08-18 12:13:24
﻿第33页,效仿爱人X,颜色:黑色,尺码:75B,2015-08-18 12:02:21
﻿第33页,哆啦A梦是女王,颜色:黑色,尺码:80A,2015-08-18 11:53:37
﻿第33页,w***1,颜色:酒红色,尺码:75A,2015-08-18 00:46:03
﻿第33页,Loncle,颜色:酒红色,尺码:70A,2015-08-18 00:42:20
﻿第33页,Dream  link,颜色:蓝色,尺码:80B,2015-08-18 00:01:23
﻿第33页,骄傲如她yang,颜色:黑色,尺码:75A,2015-08-17 23:55:24
﻿第33页,Agnes呐呐,颜色:黑色,尺码:75B,2015-08-17 23:52:00
﻿第33页,婷爷霸气,颜色:酒红色,尺码:70B,2015-08-17 23:43:33
﻿第34页,奇葩阿妹,颜色:黑色,尺码:75A,2015-08-17 23:14:55
﻿第34页,贾大星,颜色:肤色,尺码:70B,2015-08-17 23:14:16
﻿第34页,Ruby逛到眼瞎,颜色:肤色,尺码:80A,2015-08-17 23:04:25
﻿第34页,m_66955d1e9f9bbc4c,颜色:肤色,尺码:85A,2015-08-17 22:59:53
﻿第34页,love爱尚依衣,颜色:蓝色,尺码:75B,2015-08-17 22:58:51
﻿第34页,多余,颜色:黑色,尺码:75A,2015-08-17 22:26:09
﻿第34页,郭鑫,颜色:黑色,尺码:75A,2015-08-17 22:23:09
﻿第34页,chaos00,颜色:黑色,尺码:80B,2015-08-17 21:52:20
﻿第34页,BOOM邹,颜色:蓝色,尺码:85B,2015-08-17 18:27:53
﻿第34页,归西相伴,颜色:肤色,尺码:75A,2015-08-17 18:21:29
﻿第34页,闲云野鹤_97,颜色:蓝色,尺码:70A,2015-08-17 18:14:52
﻿第34页,弘星弘星闪啊闪,颜色:黑色,尺码:70B,2015-08-17 17:41:07
﻿第34页,向北张三,颜色:黑色,尺码:85B,2015-08-17 17:14:10
﻿第35页,摘摘mm,颜色:肤色,尺码:70B,2015-08-17 17:13:10
﻿第35页,但释很玖,颜色:黑色,尺码:70A,2015-08-17 14:44:08
﻿第35页,丝贝兰总代,颜色:蓝色,尺码:75B,2015-08-17 13:14:51
﻿第35页,佳怡菇凉,颜色:酒红色,尺码:70B,2015-08-17 12:48:43
﻿第35页,王小号1,颜色:黑色,尺码:75B,2015-08-17 12:47:18
﻿第35页,mobile_**,颜色:黑色,尺码:85B,2015-08-17 10:01:03
﻿第35页,WEIQINQINi,颜色:蓝色,尺码:85B,2015-08-17 02:13:38
﻿第35页,xj610083895,颜色:蓝色,尺码:75B,2015-08-17 00:57:11
﻿第35页,郭小桢,颜色:黑色,尺码:70B,2015-08-16 23:20:54
﻿第35页,我发誓我会活得有笑容,颜色:蓝色,尺码:75A,2015-08-16 22:38:15
﻿第35页,q***7,颜色:酒红色,尺码:85A,2015-08-16 20:14:13
﻿第35页,。。。,颜色:酒红色,尺码:80B,2015-08-16 19:58:26
﻿第35页,shahshah,颜色:黑色,尺码:75B,2015-08-16 15:58:10
﻿第35页,wang月524427,颜色:蓝色,尺码:75A,2015-08-16 15:24:05
